student_id,timeslot_id
s01,0803-1
s01,0803-2
s01,0803-3
s01,0803-4
s01,0803-5
s01,0804-1
s01,0804-2
s01,0804-3
s01,0804-4
s01,0804-5
s01,0806-1
s01,0806-2
s01,0806-3
s01,0806-4
s01,0806-5
s01,0807-1
s01,0807-2
s01,0807-3
s01,0807-4
s01,0807-5
s01,0810-1
s01,0810-2
s01,0810-3
s01,0810-4
s01,0810-5
s01,0811-1
s01,0811-2
s01,0811-3
s01,0811-4
s01,0811-5
s01,0813-1
s01,0813-2
s01,0813-3
s01,0813-4
s01,0813-5
s01,0814-1
s01,0814-2
s01,0814-3
s01,0814-4
s01,0814-5
s01,0817-1
s01,0817-2
s01,0817-3
s01,0817-4
s01,0817-5
s01,0818-1
s01,0818-2
s01,0818-3
s01,0818-4
s01,0818-5
s01,0820-1
s01,0820-2
s01,0820-3
s01,0820-4
s01,0820-5
s01,0821-1
s01,0821-2
s01,0821-3
s01,0821-4
s01,0821-5
s01,0824-1
s01,0824-2
s01,0824-3
s01,0824-4
s01,0824-5
s01,0825-1
s01,0825-2
s01,0825-3
s01,0825-4
s01,0825-5
s01,0827-1
s01,0827-2
s01,0827-3
s01,0827-4
s01,0827-5
s02,0801-2
s02,0801-3
s02,0801-4
s02,0804-2
s02,0804-3
s02,0804-4
s02,0805-2
s02,0805-3
s02,0805-4
s02,0806-2
s02,0806-3
s02,0806-4
s02,0808-2
s02,0808-3
s02,0808-4
s02,0811-2
s02,0811-3
s02,0811-4
s02,0812-2
s02,0812-3
s02,0812-4
s02,0813-2
s02,0813-3
s02,0813-4
s02,0815-2
s02,0815-3
s02,0815-4
s02,0818-2
s02,0818-3
s02,0818-4
s02,0819-2
s02,0819-3
s02,0819-4
s02,0820-2
s02,0820-3
s02,0820-4
s02,0822-2
s02,0822-3
s02,0822-4
s02,0825-2
s02,0825-3
s02,0825-4
s02,0826-2
s02,0826-3
s02,0826-4
s02,0827-2
s02,0827-3
s02,0827-4
s03,0804-2
s03,0804-3
s03,0804-4
s03,0804-5
s03,0805-2
s03,0805-3
s03,0805-4
s03,0805-5
s03,0806-2
s03,0806-3
s03,0806-4
s03,0806-5
s03,0807-2
s03,0807-3
s03,0807-4
s03,0807-5
s03,0811-2
s03,0811-3
s03,0811-4
s03,0811-5
s03,0812-2
s03,0812-3
s03,0812-4
s03,0812-5
s03,0813-2
s03,0813-3
s03,0813-4
s03,0813-5
s03,0814-2
s03,0814-3
s03,0814-4
s03,0814-5
s03,0818-2
s03,0818-3
s03,0818-4
s03,0818-5
s03,0819-2
s03,0819-3
s03,0819-4
s03,0819-5
s03,0820-2
s03,0820-3
s03,0820-4
s03,0820-5
s03,0821-2
s03,0821-3
s03,0821-4
s03,0821-5
s03,0825-2
s03,0825-3
s03,0825-4
s03,0825-5
s03,0826-2
s03,0826-3
s03,0826-4
s03,0826-5
s03,0827-2
s03,0827-3
s03,0827-4
s03,0827-5
s04,0801-1
s04,0801-2
s04,0801-3
s04,0801-4
s04,0801-5
s04,0803-1
s04,0803-2
s04,0803-3
s04,0803-4
s04,0803-5
s04,0804-1
s04,0804-2
s04,0804-3
s04,0804-4
s04,0804-5
s04,0805-1
s04,0805-2
s04,0805-3
s04,0805-4
s04,0805-5
s04,0806-1
s04,0806-2
s04,0806-3
s04,0806-4
s04,0806-5
s04,0807-1
s04,0807-2
s04,0807-3
s04,0807-4
s04,0807-5
s04,0808-1
s04,0808-2
s04,0808-3
s04,0808-4
s04,0808-5
s04,0810-1
s04,0810-2
s04,0810-3
s04,0810-4
s04,0810-5
s04,0811-1
s04,0811-2
s04,0811-3
s04,0811-4
s04,0811-5
s04,0812-1
s04,0812-2
s04,0812-3
s04,0812-4
s04,0812-5
s04,0813-1
s04,0813-2
s04,0813-3
s04,0813-4
s04,0813-5
s04,0814-1
s04,0814-2
s04,0814-3
s04,0814-4
s04,0814-5
s04,0815-1
s04,0815-2
s04,0815-3
s04,0815-4
s04,0815-5
s04,0817-1
s04,0817-2
s04,0817-3
s04,0817-4
s04,0817-5
s04,0818-1
s04,0818-2
s04,0818-3
s04,0818-4
s04,0818-5
s04,0819-1
s04,0819-2
s04,0819-3
s04,0819-4
s04,0819-5
s04,0820-1
s04,0820-2
s04,0820-3
s04,0820-4
s04,0820-5
s04,0821-1
s04,0821-2
s04,0821-3
s04,0821-4
s04,0821-5
s04,0822-1
s04,0822-2
s04,0822-3
s04,0822-4
s04,0822-5
s04,0824-1
s04,0824-2
s04,0824-3
s04,0824-4
s04,0824-5
s04,0825-1
s04,0825-2
s04,0825-3
s04,0825-4
s04,0825-5
s04,0826-1
s04,0826-2
s04,0826-3
s04,0826-4
s04,0826-5
s04,0827-1
s04,0827-2
s04,0827-3
s04,0827-4
s04,0827-5
s05,0801-2
s05,0801-3
s05,0801-4
s05,0801-5
s05,0803-2
s05,0803-3
s05,0803-4
s05,0803-5
s05,0804-2
s05,0804-3
s05,0804-4
s05,0804-5
s05,0805-2
s05,0805-3
s05,0805-4
s05,0805-5
s05,0806-2
s05,0806-3
s05,0806-4
s05,0806-5
s05,0807-2
s05,0807-3
s05,0807-4
s05,0807-5
s05,0808-2
s05,0808-3
s05,0808-4
s05,0808-5
s05,0810-2
s05,0810-3
s05,0810-4
s05,0810-5
s05,0811-2
s05,0811-3
s05,0811-4
s05,0811-5
s05,0812-2
s05,0812-3
s05,0812-4
s05,0812-5
s05,0813-2
s05,0813-3
s05,0813-4
s05,0813-5
s05,0814-2
s05,0814-3
s05,0814-4
s05,0814-5
s05,0815-2
s05,0815-3
s05,0815-4
s05,0815-5
s05,0817-2
s05,0817-3
s05,0817-4
s05,0817-5
s05,0818-2
s05,0818-3
s05,0818-4
s05,0818-5
s05,0819-2
s05,0819-3
s05,0819-4
s05,0819-5
s05,0820-2
s05,0820-3
s05,0820-4
s05,0820-5
s05,0821-2
s05,0821-3
s05,0821-4
s05,0821-5
s05,0822-2
s05,0822-3
s05,0822-4
s05,0822-5
s05,0824-2
s05,0824-3
s05,0824-4
s05,0824-5
s05,0825-2
s05,0825-3
s05,0825-4
s05,0825-5
s05,0826-2
s05,0826-3
s05,0826-4
s05,0826-5
s05,0827-2
s05,0827-3
s05,0827-4
s05,0827-5
s06,0801-1
s06,0801-2
s06,0801-3
s06,0801-4
s06,0801-5
s06,0803-1
s06,0803-2
s06,0803-3
s06,0803-4
s06,0803-5
s06,0806-1
s06,0806-2
s06,0806-3
s06,0806-4
s06,0806-5
s06,0807-1
s06,0807-2
s06,0807-3
s06,0807-4
s06,0807-5
s06,0808-1
s06,0808-2
s06,0808-3
s06,0808-4
s06,0808-5
s06,0810-1
s06,0810-2
s06,0810-3
s06,0810-4
s06,0810-5
s06,0813-1
s06,0813-2
s06,0813-3
s06,0813-4
s06,0813-5
s06,0814-1
s06,0814-2
s06,0814-3
s06,0814-4
s06,0814-5
s06,0815-1
s06,0815-2
s06,0815-3
s06,0815-4
s06,0815-5
s06,0817-1
s06,0817-2
s06,0817-3
s06,0817-4
s06,0817-5
s06,0820-1
s06,0820-2
s06,0820-3
s06,0820-4
s06,0820-5
s06,0821-1
s06,0821-2
s06,0821-3
s06,0821-4
s06,0821-5
s06,0822-1
s06,0822-2
s06,0822-3
s06,0822-4
s06,0822-5
s06,0824-1
s06,0824-2
s06,0824-3
s06,0824-4
s06,0824-5
s06,0827-1
s06,0827-2
s06,0827-3
s06,0827-4
s06,0827-5
s07,0801-1
s07,0801-2
s07,0801-3
s07,0801-4
s07,0801-5
s07,0803-1
s07,0803-2
s07,0803-3
s07,0803-4
s07,0803-5
s07,0804-1
s07,0804-2
s07,0804-3
s07,0804-4
s07,0804-5
s07,0805-1
s07,0805-2
s07,0805-3
s07,0805-4
s07,0805-5
s07,0806-1
s07,0806-2
s07,0806-3
s07,0806-4
s07,0806-5
s07,0807-1
s07,0807-2
s07,0807-3
s07,0807-4
s07,0807-5
s07,0808-1
s07,0808-2
s07,0808-3
s07,0808-4
s07,0808-5
s07,0810-1
s07,0810-2
s07,0810-3
s07,0810-4
s07,0810-5
s07,0811-1
s07,0811-2
s07,0811-3
s07,0811-4
s07,0811-5
s07,0812-1
s07,0812-2
s07,0812-3
s07,0812-4
s07,0812-5
s07,0813-1
s07,0813-2
s07,0813-3
s07,0813-4
s07,0813-5
s07,0814-1
s07,0814-2
s07,0814-3
s07,0814-4
s07,0814-5
s07,0815-1
s07,0815-2
s07,0815-3
s07,0815-4
s07,0815-5
s07,0817-1
s07,0817-2
s07,0817-3
s07,0817-4
s07,0817-5
s07,0818-1
s07,0818-2
s07,0818-3
s07,0818-4
s07,0818-5
s07,0819-1
s07,0819-2
s07,0819-3
s07,0819-4
s07,0819-5
s07,0820-1
s07,0820-2
s07,0820-3
s07,0820-4
s07,0820-5
s07,0821-1
s07,0821-2
s07,0821-3
s07,0821-4
s07,0821-5
s07,0822-1
s07,0822-2
s07,0822-3
s07,0822-4
s07,0822-5
s07,0824-1
s07,0824-2
s07,0824-3
s07,0824-4
s07,0824-5
s07,0825-1
s07,0825-2
s07,0825-3
s07,0825-4
s07,0825-5
s07,0826-1
s07,0826-2
s07,0826-3
s07,0826-4
s07,0826-5
s07,0827-1
s07,0827-2
s07,0827-3
s07,0827-4
s07,0827-5
s08,0801-1
s08,0801-2
s08,0801-3
s08,0801-4
s08,0801-5
s08,0804-1
s08,0804-2
s08,0804-3
s08,0804-4
s08,0804-5
s08,0805-1
s08,0805-2
s08,0805-3
s08,0805-4
s08,0805-5
s08,0806-1
s08,0806-2
s08,0806-3
s08,0806-4
s08,0806-5
s08,0807-1
s08,0807-2
s08,0807-3
s08,0807-4
s08,0807-5
s08,0808-1
s08,0808-2
s08,0808-3
s08,0808-4
s08,0808-5
s08,0811-1
s08,0811-2
s08,0811-3
s08,0811-4
s08,0811-5
s08,0812-1
s08,0812-2
s08,0812-3
s08,0812-4
s08,0812-5
s08,0813-1
s08,0813-2
s08,0813-3
s08,0813-4
s08,0813-5
s08,0814-1
s08,0814-2
s08,0814-3
s08,0814-4
s08,0814-5
s08,0815-1
s08,0815-2
s08,0815-3
s08,0815-4
s08,0815-5
s08,0818-1
s08,0818-2
s08,0818-3
s08,0818-4
s08,0818-5
s08,0819-1
s08,0819-2
s08,0819-3
s08,0819-4
s08,0819-5
s08,0820-1
s08,0820-2
s08,0820-3
s08,0820-4
s08,0820-5
s08,0821-1
s08,0821-2
s08,0821-3
s08,0821-4
s08,0821-5
s08,0822-1
s08,0822-2
s08,0822-3
s08,0822-4
s08,0822-5
s08,0825-1
s08,0825-2
s08,0825-3
s08,0825-4
s08,0825-5
s08,0826-1
s08,0826-2
s08,0826-3
s08,0826-4
s08,0826-5
s08,0827-1
s08,0827-2
s08,0827-3
s08,0827-4
s08,0827-5
s09,0804-2
s09,0804-3
s09,0804-4
s09,0804-5
s09,0805-2
s09,0805-3
s09,0805-4
s09,0805-5
s09,0806-2
s09,0806-3
s09,0806-4
s09,0806-5
s09,0807-2
s09,0807-3
s09,0807-4
s09,0807-5
s09,0811-2
s09,0811-3
s09,0811-4
s09,0811-5
s09,0812-2
s09,0812-3
s09,0812-4
s09,0812-5
s09,0813-2
s09,0813-3
s09,0813-4
s09,0813-5
s09,0814-2
s09,0814-3
s09,0814-4
s09,0814-5
s09,0818-2
s09,0818-3
s09,0818-4
s09,0818-5
s09,0819-2
s09,0819-3
s09,0819-4
s09,0819-5
s09,0820-2
s09,0820-3
s09,0820-4
s09,0820-5
s09,0821-2
s09,0821-3
s09,0821-4
s09,0821-5
s09,0825-2
s09,0825-3
s09,0825-4
s09,0825-5
s09,0826-2
s09,0826-3
s09,0826-4
s09,0826-5
s09,0827-2
s09,0827-3
s09,0827-4
s09,0827-5
s10,0801-1
s10,0801-2
s10,0801-3
s10,0801-4
s10,0803-1
s10,0803-2
s10,0803-3
s10,0803-4
s10,0804-1
s10,0804-2
s10,0804-3
s10,0804-4
s10,0805-1
s10,0805-2
s10,0805-3
s10,0805-4
s10,0806-1
s10,0806-2
s10,0806-3
s10,0806-4
s10,0807-1
s10,0807-2
s10,0807-3
s10,0807-4
s10,0808-1
s10,0808-2
s10,0808-3
s10,0808-4
s10,0810-1
s10,0810-2
s10,0810-3
s10,0810-4
s10,0811-1
s10,0811-2
s10,0811-3
s10,0811-4
s10,0812-1
s10,0812-2
s10,0812-3
s10,0812-4
s10,0813-1
s10,0813-2
s10,0813-3
s10,0813-4
s10,0814-1
s10,0814-2
s10,0814-3
s10,0814-4
s10,0815-1
s10,0815-2
s10,0815-3
s10,0815-4
s10,0817-1
s10,0817-2
s10,0817-3
s10,0817-4
s10,0818-1
s10,0818-2
s10,0818-3
s10,0818-4
s10,0819-1
s10,0819-2
s10,0819-3
s10,0819-4
s10,0820-1
s10,0820-2
s10,0820-3
s10,0820-4
s10,0821-1
s10,0821-2
s10,0821-3
s10,0821-4
s10,0822-1
s10,0822-2
s10,0822-3
s10,0822-4
s10,0824-1
s10,0824-2
s10,0824-3
s10,0824-4
s10,0825-1
s10,0825-2
s10,0825-3
s10,0825-4
s10,0826-1
s10,0826-2
s10,0826-3
s10,0826-4
s10,0827-1
s10,0827-2
s10,0827-3
s10,0827-4
s11,0801-1
s11,0801-2
s11,0801-3
s11,0801-4
s11,0801-5
s11,0804-1
s11,0804-2
s11,0804-3
s11,0804-4
s11,0804-5
s11,0805-1
s11,0805-2
s11,0805-3
s11,0805-4
s11,0805-5
s11,0806-1
s11,0806-2
s11,0806-3
s11,0806-4
s11,0806-5
s11,0807-1
s11,0807-2
s11,0807-3
s11,0807-4
s11,0807-5
s11,0808-1
s11,0808-2
s11,0808-3
s11,0808-4
s11,0808-5
s11,0811-1
s11,0811-2
s11,0811-3
s11,0811-4
s11,0811-5
s11,0812-1
s11,0812-2
s11,0812-3
s11,0812-4
s11,0812-5
s11,0813-1
s11,0813-2
s11,0813-3
s11,0813-4
s11,0813-5
s11,0814-1
s11,0814-2
s11,0814-3
s11,0814-4
s11,0814-5
s11,0815-1
s11,0815-2
s11,0815-3
s11,0815-4
s11,0815-5
s11,0818-1
s11,0818-2
s11,0818-3
s11,0818-4
s11,0818-5
s11,0819-1
s11,0819-2
s11,0819-3
s11,0819-4
s11,0819-5
s11,0820-1
s11,0820-2
s11,0820-3
s11,0820-4
s11,0820-5
s11,0821-1
s11,0821-2
s11,0821-3
s11,0821-4
s11,0821-5
s11,0822-1
s11,0822-2
s11,0822-3
s11,0822-4
s11,0822-5
s11,0825-1
s11,0825-2
s11,0825-3
s11,0825-4
s11,0825-5
s11,0826-1
s11,0826-2
s11,0826-3
s11,0826-4
s11,0826-5
s11,0827-1
s11,0827-2
s11,0827-3
s11,0827-4
s11,0827-5
s12,0801-2
s12,0801-3
s12,0801-4
s12,0801-5
s12,0803-2
s12,0803-3
s12,0803-4
s12,0803-5
s12,0804-2
s12,0804-3
s12,0804-4
s12,0804-5
s12,0807-2
s12,0807-3
s12,0807-4
s12,0807-5
s12,0808-2
s12,0808-3
s12,0808-4
s12,0808-5
s12,0810-2
s12,0810-3
s12,0810-4
s12,0810-5
s12,0811-2
s12,0811-3
s12,0811-4
s12,0811-5
s12,0814-2
s12,0814-3
s12,0814-4
s12,0814-5
s12,0815-2
s12,0815-3
s12,0815-4
s12,0815-5
s12,0817-2
s12,0817-3
s12,0817-4
s12,0817-5
s12,0818-2
s12,0818-3
s12,0818-4
s12,0818-5
s12,0821-2
s12,0821-3
s12,0821-4
s12,0821-5
s12,0822-2
s12,0822-3
s12,0822-4
s12,0822-5
s12,0824-2
s12,0824-3
s12,0824-4
s12,0824-5
s12,0825-2
s12,0825-3
s12,0825-4
s12,0825-5
s13,0803-2
s13,0803-3
s13,0803-4
s13,0803-5
s13,0804-2
s13,0804-3
s13,0804-4
s13,0804-5
s13,0805-2
s13,0805-3
s13,0805-4
s13,0805-5
s13,0806-2
s13,0806-3
s13,0806-4
s13,0806-5
s13,0807-2
s13,0807-3
s13,0807-4
s13,0807-5
s13,0810-2
s13,0810-3
s13,0810-4
s13,0810-5
s13,0811-2
s13,0811-3
s13,0811-4
s13,0811-5
s13,0812-2
s13,0812-3
s13,0812-4
s13,0812-5
s13,0813-2
s13,0813-3
s13,0813-4
s13,0813-5
s13,0814-2
s13,0814-3
s13,0814-4
s13,0814-5
s13,0817-2
s13,0817-3
s13,0817-4
s13,0817-5
s13,0818-2
s13,0818-3
s13,0818-4
s13,0818-5
s13,0819-2
s13,0819-3
s13,0819-4
s13,0819-5
s13,0820-2
s13,0820-3
s13,0820-4
s13,0820-5
s13,0821-2
s13,0821-3
s13,0821-4
s13,0821-5
s13,0824-2
s13,0824-3
s13,0824-4
s13,0824-5
s13,0825-2
s13,0825-3
s13,0825-4
s13,0825-5
s13,0826-2
s13,0826-3
s13,0826-4
s13,0826-5
s13,0827-2
s13,0827-3
s13,0827-4
s13,0827-5
s14,0801-1
s14,0801-2
s14,0801-3
s14,0801-4
s14,0803-1
s14,0803-2
s14,0803-3
s14,0803-4
s14,0804-1
s14,0804-2
s14,0804-3
s14,0804-4
s14,0805-1
s14,0805-2
s14,0805-3
s14,0805-4
s14,0806-1
s14,0806-2
s14,0806-3
s14,0806-4
s14,0807-1
s14,0807-2
s14,0807-3
s14,0807-4
s14,0808-1
s14,0808-2
s14,0808-3
s14,0808-4
s14,0810-1
s14,0810-2
s14,0810-3
s14,0810-4
s14,0811-1
s14,0811-2
s14,0811-3
s14,0811-4
s14,0812-1
s14,0812-2
s14,0812-3
s14,0812-4
s14,0813-1
s14,0813-2
s14,0813-3
s14,0813-4
s14,0814-1
s14,0814-2
s14,0814-3
s14,0814-4
s14,0815-1
s14,0815-2
s14,0815-3
s14,0815-4
s14,0817-1
s14,0817-2
s14,0817-3
s14,0817-4
s14,0818-1
s14,0818-2
s14,0818-3
s14,0818-4
s14,0819-1
s14,0819-2
s14,0819-3
s14,0819-4
s14,0820-1
s14,0820-2
s14,0820-3
s14,0820-4
s14,0821-1
s14,0821-2
s14,0821-3
s14,0821-4
s14,0822-1
s14,0822-2
s14,0822-3
s14,0822-4
s14,0824-1
s14,0824-2
s14,0824-3
s14,0824-4
s14,0825-1
s14,0825-2
s14,0825-3
s14,0825-4
s14,0826-1
s14,0826-2
s14,0826-3
s14,0826-4
s14,0827-1
s14,0827-2
s14,0827-3
s14,0827-4
s15,0803-1
s15,0803-2
s15,0803-3
s15,0803-4
s15,0803-5
s15,0804-1
s15,0804-2
s15,0804-3
s15,0804-4
s15,0804-5
s15,0805-1
s15,0805-2
s15,0805-3
s15,0805-4
s15,0805-5
s15,0806-1
s15,0806-2
s15,0806-3
s15,0806-4
s15,0806-5
s15,0807-1
s15,0807-2
s15,0807-3
s15,0807-4
s15,0807-5
s15,0810-1
s15,0810-2
s15,0810-3
s15,0810-4
s15,0810-5
s15,0811-1
s15,0811-2
s15,0811-3
s15,0811-4
s15,0811-5
s15,0812-1
s15,0812-2
s15,0812-3
s15,0812-4
s15,0812-5
s15,0813-1
s15,0813-2
s15,0813-3
s15,0813-4
s15,0813-5
s15,0814-1
s15,0814-2
s15,0814-3
s15,0814-4
s15,0814-5
s15,0817-1
s15,0817-2
s15,0817-3
s15,0817-4
s15,0817-5
s15,0818-1
s15,0818-2
s15,0818-3
s15,0818-4
s15,0818-5
s15,0819-1
s15,0819-2
s15,0819-3
s15,0819-4
s15,0819-5
s15,0820-1
s15,0820-2
s15,0820-3
s15,0820-4
s15,0820-5
s15,0821-1
s15,0821-2
s15,0821-3
s15,0821-4
s15,0821-5
s15,0824-1
s15,0824-2
s15,0824-3
s15,0824-4
s15,0824-5
s15,0825-1
s15,0825-2
s15,0825-3
s15,0825-4
s15,0825-5
s15,0826-1
s15,0826-2
s15,0826-3
s15,0826-4
s15,0826-5
s15,0827-1
s15,0827-2
s15,0827-3
s15,0827-4
s15,0827-5
s16,0801-1
s16,0801-2
s16,0801-3
s16,0801-4
s16,0801-5
s16,0803-1
s16,0803-2
s16,0803-3
s16,0803-4
s16,0803-5
s16,0804-1
s16,0804-2
s16,0804-3
s16,0804-4
s16,0804-5
s16,0805-1
s16,0805-2
s16,0805-3
s16,0805-4
s16,0805-5
s16,0807-1
s16,0807-2
s16,0807-3
s16,0807-4
s16,0807-5
s16,0808-1
s16,0808-2
s16,0808-3
s16,0808-4
s16,0808-5
s16,0810-1
s16,0810-2
s16,0810-3
s16,0810-4
s16,0810-5
s16,0811-1
s16,0811-2
s16,0811-3
s16,0811-4
s16,0811-5
s16,0812-1
s16,0812-2
s16,0812-3
s16,0812-4
s16,0812-5
s16,0814-1
s16,0814-2
s16,0814-3
s16,0814-4
s16,0814-5
s16,0815-1
s16,0815-2
s16,0815-3
s16,0815-4
s16,0815-5
s16,0817-1
s16,0817-2
s16,0817-3
s16,0817-4
s16,0817-5
s16,0818-1
s16,0818-2
s16,0818-3
s16,0818-4
s16,0818-5
s16,0819-1
s16,0819-2
s16,0819-3
s16,0819-4
s16,0819-5
s16,0821-1
s16,0821-2
s16,0821-3
s16,0821-4
s16,0821-5
s16,0822-1
s16,0822-2
s16,0822-3
s16,0822-4
s16,0822-5
s16,0824-1
s16,0824-2
s16,0824-3
s16,0824-4
s16,0824-5
s16,0825-1
s16,0825-2
s16,0825-3
s16,0825-4
s16,0825-5
s16,0826-1
s16,0826-2
s16,0826-3
s16,0826-4
s16,0826-5
s17,0801-2
s17,0801-3
s17,0801-4
s17,0801-5
s17,0803-2
s17,0803-3
s17,0803-4
s17,0803-5
s17,0805-2
s17,0805-3
s17,0805-4
s17,0805-5
s17,0806-2
s17,0806-3
s17,0806-4
s17,0806-5
s17,0807-2
s17,0807-3
s17,0807-4
s17,0807-5
s17,0808-2
s17,0808-3
s17,0808-4
s17,0808-5
s17,0810-2
s17,0810-3
s17,0810-4
s17,0810-5
s17,0812-2
s17,0812-3
s17,0812-4
s17,0812-5
s17,0813-2
s17,0813-3
s17,0813-4
s17,0813-5
s17,0814-2
s17,0814-3
s17,0814-4
s17,0814-5
s17,0815-2
s17,0815-3
s17,0815-4
s17,0815-5
s17,0817-2
s17,0817-3
s17,0817-4
s17,0817-5
s17,0819-2
s17,0819-3
s17,0819-4
s17,0819-5
s17,0820-2
s17,0820-3
s17,0820-4
s17,0820-5
s17,0821-2
s17,0821-3
s17,0821-4
s17,0821-5
s17,0822-2
s17,0822-3
s17,0822-4
s17,0822-5
s17,0824-2
s17,0824-3
s17,0824-4
s17,0824-5
s17,0826-2
s17,0826-3
s17,0826-4
s17,0826-5
s17,0827-2
s17,0827-3
s17,0827-4
s17,0827-5
s18,0801-1
s18,0801-2
s18,0801-3
s18,0801-4
s18,0803-1
s18,0803-2
s18,0803-3
s18,0803-4
s18,0805-1
s18,0805-2
s18,0805-3
s18,0805-4
s18,0806-1
s18,0806-2
s18,0806-3
s18,0806-4
s18,0808-1
s18,0808-2
s18,0808-3
s18,0808-4
s18,0810-1
s18,0810-2
s18,0810-3
s18,0810-4
s18,0812-1
s18,0812-2
s18,0812-3
s18,0812-4
s18,0813-1
s18,0813-2
s18,0813-3
s18,0813-4
s18,0815-1
s18,0815-2
s18,0815-3
s18,0815-4
s18,0817-1
s18,0817-2
s18,0817-3
s18,0817-4
s18,0819-1
s18,0819-2
s18,0819-3
s18,0819-4
s18,0820-1
s18,0820-2
s18,0820-3
s18,0820-4
s18,0822-1
s18,0822-2
s18,0822-3
s18,0822-4
s18,0824-1
s18,0824-2
s18,0824-3
s18,0824-4
s18,0826-1
s18,0826-2
s18,0826-3
s18,0826-4
s18,0827-1
s18,0827-2
s18,0827-3
s18,0827-4
s19,0801-2
s19,0801-3
s19,0801-4
s19,0803-2
s19,0803-3
s19,0803-4
s19,0804-2
s19,0804-3
s19,0804-4
s19,0805-2
s19,0805-3
s19,0805-4
s19,0806-2
s19,0806-3
s19,0806-4
s19,0807-2
s19,0807-3
s19,0807-4
s19,0808-2
s19,0808-3
s19,0808-4
s19,0810-2
s19,0810-3
s19,0810-4
s19,0811-2
s19,0811-3
s19,0811-4
s19,0812-2
s19,0812-3
s19,0812-4
s19,0813-2
s19,0813-3
s19,0813-4
s19,0814-2
s19,0814-3
s19,0814-4
s19,0815-2
s19,0815-3
s19,0815-4
s19,0817-2
s19,0817-3
s19,0817-4
s19,0818-2
s19,0818-3
s19,0818-4
s19,0819-2
s19,0819-3
s19,0819-4
s19,0820-2
s19,0820-3
s19,0820-4
s19,0821-2
s19,0821-3
s19,0821-4
s19,0822-2
s19,0822-3
s19,0822-4
s19,0824-2
s19,0824-3
s19,0824-4
s19,0825-2
s19,0825-3
s19,0825-4
s19,0826-2
s19,0826-3
s19,0826-4
s19,0827-2
s19,0827-3
s19,0827-4
s20,0803-1
s20,0803-2
s20,0803-3
s20,0803-4
s20,0804-1
s20,0804-2
s20,0804-3
s20,0804-4
s20,0805-1
s20,0805-2
s20,0805-3
s20,0805-4
s20,0806-1
s20,0806-2
s20,0806-3
s20,0806-4
s20,0807-1
s20,0807-2
s20,0807-3
s20,0807-4
s20,0810-1
s20,0810-2
s20,0810-3
s20,0810-4
s20,0811-1
s20,0811-2
s20,0811-3
s20,0811-4
s20,0812-1
s20,0812-2
s20,0812-3
s20,0812-4
s20,0813-1
s20,0813-2
s20,0813-3
s20,0813-4
s20,0814-1
s20,0814-2
s20,0814-3
s20,0814-4
s20,0817-1
s20,0817-2
s20,0817-3
s20,0817-4
s20,0818-1
s20,0818-2
s20,0818-3
s20,0818-4
s20,0819-1
s20,0819-2
s20,0819-3
s20,0819-4
s20,0820-1
s20,0820-2
s20,0820-3
s20,0820-4
s20,0821-1
s20,0821-2
s20,0821-3
s20,0821-4
s20,0824-1
s20,0824-2
s20,0824-3
s20,0824-4
s20,0825-1
s20,0825-2
s20,0825-3
s20,0825-4
s20,0826-1
s20,0826-2
s20,0826-3
s20,0826-4
s20,0827-1
s20,0827-2
s20,0827-3
s20,0827-4
s21,0801-1
s21,0801-2
s21,0801-3
s21,0801-4
s21,0803-1
s21,0803-2
s21,0803-3
s21,0803-4
s21,0804-1
s21,0804-2
s21,0804-3
s21,0804-4
s21,0805-1
s21,0805-2
s21,0805-3
s21,0805-4
s21,0806-1
s21,0806-2
s21,0806-3
s21,0806-4
s21,0807-1
s21,0807-2
s21,0807-3
s21,0807-4
s21,0808-1
s21,0808-2
s21,0808-3
s21,0808-4
s21,0810-1
s21,0810-2
s21,0810-3
s21,0810-4
s21,0811-1
s21,0811-2
s21,0811-3
s21,0811-4
s21,0812-1
s21,0812-2
s21,0812-3
s21,0812-4
s21,0813-1
s21,0813-2
s21,0813-3
s21,0813-4
s21,0814-1
s21,0814-2
s21,0814-3
s21,0814-4
s21,0815-1
s21,0815-2
s21,0815-3
s21,0815-4
s21,0817-1
s21,0817-2
s21,0817-3
s21,0817-4
s21,0818-1
s21,0818-2
s21,0818-3
s21,0818-4
s21,0819-1
s21,0819-2
s21,0819-3
s21,0819-4
s21,0820-1
s21,0820-2
s21,0820-3
s21,0820-4
s21,0821-1
s21,0821-2
s21,0821-3
s21,0821-4
s21,0822-1
s21,0822-2
s21,0822-3
s21,0822-4
s21,0824-1
s21,0824-2
s21,0824-3
s21,0824-4
s21,0825-1
s21,0825-2
s21,0825-3
s21,0825-4
s21,0826-1
s21,0826-2
s21,0826-3
s21,0826-4
s21,0827-1
s21,0827-2
s21,0827-3
s21,0827-4
s22,0801-1
s22,0801-2
s22,0801-3
s22,0801-4
s22,0801-5
s22,0803-1
s22,0803-2
s22,0803-3
s22,0803-4
s22,0803-5
s22,0804-1
s22,0804-2
s22,0804-3
s22,0804-4
s22,0804-5
s22,0805-1
s22,0805-2
s22,0805-3
s22,0805-4
s22,0805-5
s22,0806-1
s22,0806-2
s22,0806-3
s22,0806-4
s22,0806-5
s22,0808-1
s22,0808-2
s22,0808-3
s22,0808-4
s22,0808-5
s22,0810-1
s22,0810-2
s22,0810-3
s22,0810-4
s22,0810-5
s22,0811-1
s22,0811-2
s22,0811-3
s22,0811-4
s22,0811-5
s22,0812-1
s22,0812-2
s22,0812-3
s22,0812-4
s22,0812-5
s22,0813-1
s22,0813-2
s22,0813-3
s22,0813-4
s22,0813-5
s22,0815-1
s22,0815-2
s22,0815-3
s22,0815-4
s22,0815-5
s22,0817-1
s22,0817-2
s22,0817-3
s22,0817-4
s22,0817-5
s22,0818-1
s22,0818-2
s22,0818-3
s22,0818-4
s22,0818-5
s22,0819-1
s22,0819-2
s22,0819-3
s22,0819-4
s22,0819-5
s22,0820-1
s22,0820-2
s22,0820-3
s22,0820-4
s22,0820-5
s22,0822-1
s22,0822-2
s22,0822-3
s22,0822-4
s22,0822-5
s22,0824-1
s22,0824-2
s22,0824-3
s22,0824-4
s22,0824-5
s22,0825-1
s22,0825-2
s22,0825-3
s22,0825-4
s22,0825-5
s22,0826-1
s22,0826-2
s22,0826-3
s22,0826-4
s22,0826-5
s22,0827-1
s22,0827-2
s22,0827-3
s22,0827-4
s22,0827-5
s23,0801-1
s23,0801-2
s23,0801-3
s23,0801-4
s23,0801-5
s23,0803-1
s23,0803-2
s23,0803-3
s23,0803-4
s23,0803-5
s23,0804-1
s23,0804-2
s23,0804-3
s23,0804-4
s23,0804-5
s23,0805-1
s23,0805-2
s23,0805-3
s23,0805-4
s23,0805-5
s23,0806-1
s23,0806-2
s23,0806-3
s23,0806-4
s23,0806-5
s23,0808-1
s23,0808-2
s23,0808-3
s23,0808-4
s23,0808-5
s23,0810-1
s23,0810-2
s23,0810-3
s23,0810-4
s23,0810-5
s23,0811-1
s23,0811-2
s23,0811-3
s23,0811-4
s23,0811-5
s23,0812-1
s23,0812-2
s23,0812-3
s23,0812-4
s23,0812-5
s23,0813-1
s23,0813-2
s23,0813-3
s23,0813-4
s23,0813-5
s23,0815-1
s23,0815-2
s23,0815-3
s23,0815-4
s23,0815-5
s23,0817-1
s23,0817-2
s23,0817-3
s23,0817-4
s23,0817-5
s23,0818-1
s23,0818-2
s23,0818-3
s23,0818-4
s23,0818-5
s23,0819-1
s23,0819-2
s23,0819-3
s23,0819-4
s23,0819-5
s23,0820-1
s23,0820-2
s23,0820-3
s23,0820-4
s23,0820-5
s23,0822-1
s23,0822-2
s23,0822-3
s23,0822-4
s23,0822-5
s23,0824-1
s23,0824-2
s23,0824-3
s23,0824-4
s23,0824-5
s23,0825-1
s23,0825-2
s23,0825-3
s23,0825-4
s23,0825-5
s23,0826-1
s23,0826-2
s23,0826-3
s23,0826-4
s23,0826-5
s23,0827-1
s23,0827-2
s23,0827-3
s23,0827-4
s23,0827-5
s24,0801-1
s24,0801-2
s24,0801-3
s24,0801-4
s24,0801-5
s24,0803-1
s24,0803-2
s24,0803-3
s24,0803-4
s24,0803-5
s24,0805-1
s24,0805-2
s24,0805-3
s24,0805-4
s24,0805-5
s24,0806-1
s24,0806-2
s24,0806-3
s24,0806-4
s24,0806-5
s24,0807-1
s24,0807-2
s24,0807-3
s24,0807-4
s24,0807-5
s24,0808-1
s24,0808-2
s24,0808-3
s24,0808-4
s24,0808-5
s24,0810-1
s24,0810-2
s24,0810-3
s24,0810-4
s24,0810-5
s24,0812-1
s24,0812-2
s24,0812-3
s24,0812-4
s24,0812-5
s24,0813-1
s24,0813-2
s24,0813-3
s24,0813-4
s24,0813-5
s24,0814-1
s24,0814-2
s24,0814-3
s24,0814-4
s24,0814-5
s24,0815-1
s24,0815-2
s24,0815-3
s24,0815-4
s24,0815-5
s24,0817-1
s24,0817-2
s24,0817-3
s24,0817-4
s24,0817-5
s24,0819-1
s24,0819-2
s24,0819-3
s24,0819-4
s24,0819-5
s24,0820-1
s24,0820-2
s24,0820-3
s24,0820-4
s24,0820-5
s24,0821-1
s24,0821-2
s24,0821-3
s24,0821-4
s24,0821-5
s24,0822-1
s24,0822-2
s24,0822-3
s24,0822-4
s24,0822-5
s24,0824-1
s24,0824-2
s24,0824-3
s24,0824-4
s24,0824-5
s24,0826-1
s24,0826-2
s24,0826-3
s24,0826-4
s24,0826-5
s24,0827-1
s24,0827-2
s24,0827-3
s24,0827-4
s24,0827-5
s25,0801-1
s25,0801-2
s25,0801-3
s25,0801-4
s25,0801-5
s25,0804-1
s25,0804-2
s25,0804-3
s25,0804-4
s25,0804-5
s25,0805-1
s25,0805-2
s25,0805-3
s25,0805-4
s25,0805-5
s25,0806-1
s25,0806-2
s25,0806-3
s25,0806-4
s25,0806-5
s25,0807-1
s25,0807-2
s25,0807-3
s25,0807-4
s25,0807-5
s25,0808-1
s25,0808-2
s25,0808-3
s25,0808-4
s25,0808-5
s25,0811-1
s25,0811-2
s25,0811-3
s25,0811-4
s25,0811-5
s25,0812-1
s25,0812-2
s25,0812-3
s25,0812-4
s25,0812-5
s25,0813-1
s25,0813-2
s25,0813-3
s25,0813-4
s25,0813-5
s25,0814-1
s25,0814-2
s25,0814-3
s25,0814-4
s25,0814-5
s25,0815-1
s25,0815-2
s25,0815-3
s25,0815-4
s25,0815-5
s25,0818-1
s25,0818-2
s25,0818-3
s25,0818-4
s25,0818-5
s25,0819-1
s25,0819-2
s25,0819-3
s25,0819-4
s25,0819-5
s25,0820-1
s25,0820-2
s25,0820-3
s25,0820-4
s25,0820-5
s25,0821-1
s25,0821-2
s25,0821-3
s25,0821-4
s25,0821-5
s25,0822-1
s25,0822-2
s25,0822-3
s25,0822-4
s25,0822-5
s25,0825-1
s25,0825-2
s25,0825-3
s25,0825-4
s25,0825-5
s25,0826-1
s25,0826-2
s25,0826-3
s25,0826-4
s25,0826-5
s25,0827-1
s25,0827-2
s25,0827-3
s25,0827-4
s25,0827-5
s26,0801-1
s26,0801-2
s26,0801-3
s26,0801-4
s26,0801-5
s26,0803-1
s26,0803-2
s26,0803-3
s26,0803-4
s26,0803-5
s26,0804-1
s26,0804-2
s26,0804-3
s26,0804-4
s26,0804-5
s26,0805-1
s26,0805-2
s26,0805-3
s26,0805-4
s26,0805-5
s26,0806-1
s26,0806-2
s26,0806-3
s26,0806-4
s26,0806-5
s26,0807-1
s26,0807-2
s26,0807-3
s26,0807-4
s26,0807-5
s26,0808-1
s26,0808-2
s26,0808-3
s26,0808-4
s26,0808-5
s26,0810-1
s26,0810-2
s26,0810-3
s26,0810-4
s26,0810-5
s26,0811-1
s26,0811-2
s26,0811-3
s26,0811-4
s26,0811-5
s26,0812-1
s26,0812-2
s26,0812-3
s26,0812-4
s26,0812-5
s26,0813-1
s26,0813-2
s26,0813-3
s26,0813-4
s26,0813-5
s26,0814-1
s26,0814-2
s26,0814-3
s26,0814-4
s26,0814-5
s26,0815-1
s26,0815-2
s26,0815-3
s26,0815-4
s26,0815-5
s26,0817-1
s26,0817-2
s26,0817-3
s26,0817-4
s26,0817-5
s26,0818-1
s26,0818-2
s26,0818-3
s26,0818-4
s26,0818-5
s26,0819-1
s26,0819-2
s26,0819-3
s26,0819-4
s26,0819-5
s26,0820-1
s26,0820-2
s26,0820-3
s26,0820-4
s26,0820-5
s26,0821-1
s26,0821-2
s26,0821-3
s26,0821-4
s26,0821-5
s26,0822-1
s26,0822-2
s26,0822-3
s26,0822-4
s26,0822-5
s26,0824-1
s26,0824-2
s26,0824-3
s26,0824-4
s26,0824-5
s26,0825-1
s26,0825-2
s26,0825-3
s26,0825-4
s26,0825-5
s26,0826-1
s26,0826-2
s26,0826-3
s26,0826-4
s26,0826-5
s26,0827-1
s26,0827-2
s26,0827-3
s26,0827-4
s26,0827-5
s27,0803-1
s27,0803-2
s27,0803-3
s27,0803-4
s27,0803-5
s27,0804-1
s27,0804-2
s27,0804-3
s27,0804-4
s27,0804-5
s27,0805-1
s27,0805-2
s27,0805-3
s27,0805-4
s27,0805-5
s27,0806-1
s27,0806-2
s27,0806-3
s27,0806-4
s27,0806-5
s27,0807-1
s27,0807-2
s27,0807-3
s27,0807-4
s27,0807-5
s27,0810-1
s27,0810-2
s27,0810-3
s27,0810-4
s27,0810-5
s27,0811-1
s27,0811-2
s27,0811-3
s27,0811-4
s27,0811-5
s27,0812-1
s27,0812-2
s27,0812-3
s27,0812-4
s27,0812-5
s27,0813-1
s27,0813-2
s27,0813-3
s27,0813-4
s27,0813-5
s27,0814-1
s27,0814-2
s27,0814-3
s27,0814-4
s27,0814-5
s27,0817-1
s27,0817-2
s27,0817-3
s27,0817-4
s27,0817-5
s27,0818-1
s27,0818-2
s27,0818-3
s27,0818-4
s27,0818-5
s27,0819-1
s27,0819-2
s27,0819-3
s27,0819-4
s27,0819-5
s27,0820-1
s27,0820-2
s27,0820-3
s27,0820-4
s27,0820-5
s27,0821-1
s27,0821-2
s27,0821-3
s27,0821-4
s27,0821-5
s27,0824-1
s27,0824-2
s27,0824-3
s27,0824-4
s27,0824-5
s27,0825-1
s27,0825-2
s27,0825-3
s27,0825-4
s27,0825-5
s27,0826-1
s27,0826-2
s27,0826-3
s27,0826-4
s27,0826-5
s27,0827-1
s27,0827-2
s27,0827-3
s27,0827-4
s27,0827-5
s28,0801-2
s28,0801-3
s28,0801-4
s28,0803-2
s28,0803-3
s28,0803-4
s28,0805-2
s28,0805-3
s28,0805-4
s28,0806-2
s28,0806-3
s28,0806-4
s28,0807-2
s28,0807-3
s28,0807-4
s28,0808-2
s28,0808-3
s28,0808-4
s28,0810-2
s28,0810-3
s28,0810-4
s28,0812-2
s28,0812-3
s28,0812-4
s28,0813-2
s28,0813-3
s28,0813-4
s28,0814-2
s28,0814-3
s28,0814-4
s28,0815-2
s28,0815-3
s28,0815-4
s28,0817-2
s28,0817-3
s28,0817-4
s28,0819-2
s28,0819-3
s28,0819-4
s28,0820-2
s28,0820-3
s28,0820-4
s28,0821-2
s28,0821-3
s28,0821-4
s28,0822-2
s28,0822-3
s28,0822-4
s28,0824-2
s28,0824-3
s28,0824-4
s28,0826-2
s28,0826-3
s28,0826-4
s28,0827-2
s28,0827-3
s28,0827-4
s29,0801-1
s29,0801-2
s29,0801-3
s29,0801-4
s29,0803-1
s29,0803-2
s29,0803-3
s29,0803-4
s29,0805-1
s29,0805-2
s29,0805-3
s29,0805-4
s29,0806-1
s29,0806-2
s29,0806-3
s29,0806-4
s29,0807-1
s29,0807-2
s29,0807-3
s29,0807-4
s29,0808-1
s29,0808-2
s29,0808-3
s29,0808-4
s29,0810-1
s29,0810-2
s29,0810-3
s29,0810-4
s29,0812-1
s29,0812-2
s29,0812-3
s29,0812-4
s29,0813-1
s29,0813-2
s29,0813-3
s29,0813-4
s29,0814-1
s29,0814-2
s29,0814-3
s29,0814-4
s29,0815-1
s29,0815-2
s29,0815-3
s29,0815-4
s29,0817-1
s29,0817-2
s29,0817-3
s29,0817-4
s29,0819-1
s29,0819-2
s29,0819-3
s29,0819-4
s29,0820-1
s29,0820-2
s29,0820-3
s29,0820-4
s29,0821-1
s29,0821-2
s29,0821-3
s29,0821-4
s29,0822-1
s29,0822-2
s29,0822-3
s29,0822-4
s29,0824-1
s29,0824-2
s29,0824-3
s29,0824-4
s29,0826-1
s29,0826-2
s29,0826-3
s29,0826-4
s29,0827-1
s29,0827-2
s29,0827-3
s29,0827-4
s30,0801-1
s30,0801-2
s30,0801-3
s30,0801-4
s30,0801-5
s30,0803-1
s30,0803-2
s30,0803-3
s30,0803-4
s30,0803-5
s30,0804-1
s30,0804-2
s30,0804-3
s30,0804-4
s30,0804-5
s30,0805-1
s30,0805-2
s30,0805-3
s30,0805-4
s30,0805-5
s30,0807-1
s30,0807-2
s30,0807-3
s30,0807-4
s30,0807-5
s30,0808-1
s30,0808-2
s30,0808-3
s30,0808-4
s30,0808-5
s30,0810-1
s30,0810-2
s30,0810-3
s30,0810-4
s30,0810-5
s30,0811-1
s30,0811-2
s30,0811-3
s30,0811-4
s30,0811-5
s30,0812-1
s30,0812-2
s30,0812-3
s30,0812-4
s30,0812-5
s30,0814-1
s30,0814-2
s30,0814-3
s30,0814-4
s30,0814-5
s30,0815-1
s30,0815-2
s30,0815-3
s30,0815-4
s30,0815-5
s30,0817-1
s30,0817-2
s30,0817-3
s30,0817-4
s30,0817-5
s30,0818-1
s30,0818-2
s30,0818-3
s30,0818-4
s30,0818-5
s30,0819-1
s30,0819-2
s30,0819-3
s30,0819-4
s30,0819-5
s30,0821-1
s30,0821-2
s30,0821-3
s30,0821-4
s30,0821-5
s30,0822-1
s30,0822-2
s30,0822-3
s30,0822-4
s30,0822-5
s30,0824-1
s30,0824-2
s30,0824-3
s30,0824-4
s30,0824-5
s30,0825-1
s30,0825-2
s30,0825-3
s30,0825-4
s30,0825-5
s30,0826-1
s30,0826-2
s30,0826-3
s30,0826-4
s30,0826-5
s31,0801-1
s31,0801-2
s31,0801-3
s31,0801-4
s31,0801-5
s31,0803-1
s31,0803-2
s31,0803-3
s31,0803-4
s31,0803-5
s31,0804-1
s31,0804-2
s31,0804-3
s31,0804-4
s31,0804-5
s31,0805-1
s31,0805-2
s31,0805-3
s31,0805-4
s31,0805-5
s31,0806-1
s31,0806-2
s31,0806-3
s31,0806-4
s31,0806-5
s31,0807-1
s31,0807-2
s31,0807-3
s31,0807-4
s31,0807-5
s31,0808-1
s31,0808-2
s31,0808-3
s31,0808-4
s31,0808-5
s31,0810-1
s31,0810-2
s31,0810-3
s31,0810-4
s31,0810-5
s31,0811-1
s31,0811-2
s31,0811-3
s31,0811-4
s31,0811-5
s31,0812-1
s31,0812-2
s31,0812-3
s31,0812-4
s31,0812-5
s31,0813-1
s31,0813-2
s31,0813-3
s31,0813-4
s31,0813-5
s31,0814-1
s31,0814-2
s31,0814-3
s31,0814-4
s31,0814-5
s31,0815-1
s31,0815-2
s31,0815-3
s31,0815-4
s31,0815-5
s31,0817-1
s31,0817-2
s31,0817-3
s31,0817-4
s31,0817-5
s31,0818-1
s31,0818-2
s31,0818-3
s31,0818-4
s31,0818-5
s31,0819-1
s31,0819-2
s31,0819-3
s31,0819-4
s31,0819-5
s31,0820-1
s31,0820-2
s31,0820-3
s31,0820-4
s31,0820-5
s31,0821-1
s31,0821-2
s31,0821-3
s31,0821-4
s31,0821-5
s31,0822-1
s31,0822-2
s31,0822-3
s31,0822-4
s31,0822-5
s31,0824-1
s31,0824-2
s31,0824-3
s31,0824-4
s31,0824-5
s31,0825-1
s31,0825-2
s31,0825-3
s31,0825-4
s31,0825-5
s31,0826-1
s31,0826-2
s31,0826-3
s31,0826-4
s31,0826-5
s31,0827-1
s31,0827-2
s31,0827-3
s31,0827-4
s31,0827-5
s32,0801-2
s32,0801-3
s32,0801-4
s32,0801-5
s32,0804-2
s32,0804-3
s32,0804-4
s32,0804-5
s32,0805-2
s32,0805-3
s32,0805-4
s32,0805-5
s32,0806-2
s32,0806-3
s32,0806-4
s32,0806-5
s32,0807-2
s32,0807-3
s32,0807-4
s32,0807-5
s32,0808-2
s32,0808-3
s32,0808-4
s32,0808-5
s32,0811-2
s32,0811-3
s32,0811-4
s32,0811-5
s32,0812-2
s32,0812-3
s32,0812-4
s32,0812-5
s32,0813-2
s32,0813-3
s32,0813-4
s32,0813-5
s32,0814-2
s32,0814-3
s32,0814-4
s32,0814-5
s32,0815-2
s32,0815-3
s32,0815-4
s32,0815-5
s32,0818-2
s32,0818-3
s32,0818-4
s32,0818-5
s32,0819-2
s32,0819-3
s32,0819-4
s32,0819-5
s32,0820-2
s32,0820-3
s32,0820-4
s32,0820-5
s32,0821-2
s32,0821-3
s32,0821-4
s32,0821-5
s32,0822-2
s32,0822-3
s32,0822-4
s32,0822-5
s32,0825-2
s32,0825-3
s32,0825-4
s32,0825-5
s32,0826-2
s32,0826-3
s32,0826-4
s32,0826-5
s32,0827-2
s32,0827-3
s32,0827-4
s32,0827-5
s33,0803-1
s33,0803-2
s33,0803-3
s33,0803-4
s33,0804-1
s33,0804-2
s33,0804-3
s33,0804-4
s33,0806-1
s33,0806-2
s33,0806-3
s33,0806-4
s33,0807-1
s33,0807-2
s33,0807-3
s33,0807-4
s33,0810-1
s33,0810-2
s33,0810-3
s33,0810-4
s33,0811-1
s33,0811-2
s33,0811-3
s33,0811-4
s33,0813-1
s33,0813-2
s33,0813-3
s33,0813-4
s33,0814-1
s33,0814-2
s33,0814-3
s33,0814-4
s33,0817-1
s33,0817-2
s33,0817-3
s33,0817-4
s33,0818-1
s33,0818-2
s33,0818-3
s33,0818-4
s33,0820-1
s33,0820-2
s33,0820-3
s33,0820-4
s33,0821-1
s33,0821-2
s33,0821-3
s33,0821-4
s33,0824-1
s33,0824-2
s33,0824-3
s33,0824-4
s33,0825-1
s33,0825-2
s33,0825-3
s33,0825-4
s33,0827-1
s33,0827-2
s33,0827-3
s33,0827-4
s34,0801-1
s34,0801-2
s34,0801-3
s34,0801-4
s34,0801-5
s34,0803-1
s34,0803-2
s34,0803-3
s34,0803-4
s34,0803-5
s34,0804-1
s34,0804-2
s34,0804-3
s34,0804-4
s34,0804-5
s34,0805-1
s34,0805-2
s34,0805-3
s34,0805-4
s34,0805-5
s34,0807-1
s34,0807-2
s34,0807-3
s34,0807-4
s34,0807-5
s34,0808-1
s34,0808-2
s34,0808-3
s34,0808-4
s34,0808-5
s34,0810-1
s34,0810-2
s34,0810-3
s34,0810-4
s34,0810-5
s34,0811-1
s34,0811-2
s34,0811-3
s34,0811-4
s34,0811-5
s34,0812-1
s34,0812-2
s34,0812-3
s34,0812-4
s34,0812-5
s34,0814-1
s34,0814-2
s34,0814-3
s34,0814-4
s34,0814-5
s34,0815-1
s34,0815-2
s34,0815-3
s34,0815-4
s34,0815-5
s34,0817-1
s34,0817-2
s34,0817-3
s34,0817-4
s34,0817-5
s34,0818-1
s34,0818-2
s34,0818-3
s34,0818-4
s34,0818-5
s34,0819-1
s34,0819-2
s34,0819-3
s34,0819-4
s34,0819-5
s34,0821-1
s34,0821-2
s34,0821-3
s34,0821-4
s34,0821-5
s34,0822-1
s34,0822-2
s34,0822-3
s34,0822-4
s34,0822-5
s34,0824-1
s34,0824-2
s34,0824-3
s34,0824-4
s34,0824-5
s34,0825-1
s34,0825-2
s34,0825-3
s34,0825-4
s34,0825-5
s34,0826-1
s34,0826-2
s34,0826-3
s34,0826-4
s34,0826-5
s35,0801-1
s35,0801-2
s35,0801-3
s35,0801-4
s35,0803-1
s35,0803-2
s35,0803-3
s35,0803-4
s35,0806-1
s35,0806-2
s35,0806-3
s35,0806-4
s35,0807-1
s35,0807-2
s35,0807-3
s35,0807-4
s35,0808-1
s35,0808-2
s35,0808-3
s35,0808-4
s35,0810-1
s35,0810-2
s35,0810-3
s35,0810-4
s35,0813-1
s35,0813-2
s35,0813-3
s35,0813-4
s35,0814-1
s35,0814-2
s35,0814-3
s35,0814-4
s35,0815-1
s35,0815-2
s35,0815-3
s35,0815-4
s35,0817-1
s35,0817-2
s35,0817-3
s35,0817-4
s35,0820-1
s35,0820-2
s35,0820-3
s35,0820-4
s35,0821-1
s35,0821-2
s35,0821-3
s35,0821-4
s35,0822-1
s35,0822-2
s35,0822-3
s35,0822-4
s35,0824-1
s35,0824-2
s35,0824-3
s35,0824-4
s35,0827-1
s35,0827-2
s35,0827-3
s35,0827-4
s36,0801-1
s36,0801-2
s36,0801-3
s36,0801-4
s36,0801-5
s36,0803-1
s36,0803-2
s36,0803-3
s36,0803-4
s36,0803-5
s36,0804-1
s36,0804-2
s36,0804-3
s36,0804-4
s36,0804-5
s36,0805-1
s36,0805-2
s36,0805-3
s36,0805-4
s36,0805-5
s36,0806-1
s36,0806-2
s36,0806-3
s36,0806-4
s36,0806-5
s36,0808-1
s36,0808-2
s36,0808-3
s36,0808-4
s36,0808-5
s36,0810-1
s36,0810-2
s36,0810-3
s36,0810-4
s36,0810-5
s36,0811-1
s36,0811-2
s36,0811-3
s36,0811-4
s36,0811-5
s36,0812-1
s36,0812-2
s36,0812-3
s36,0812-4
s36,0812-5
s36,0813-1
s36,0813-2
s36,0813-3
s36,0813-4
s36,0813-5
s36,0815-1
s36,0815-2
s36,0815-3
s36,0815-4
s36,0815-5
s36,0817-1
s36,0817-2
s36,0817-3
s36,0817-4
s36,0817-5
s36,0818-1
s36,0818-2
s36,0818-3
s36,0818-4
s36,0818-5
s36,0819-1
s36,0819-2
s36,0819-3
s36,0819-4
s36,0819-5
s36,0820-1
s36,0820-2
s36,0820-3
s36,0820-4
s36,0820-5
s36,0822-1
s36,0822-2
s36,0822-3
s36,0822-4
s36,0822-5
s36,0824-1
s36,0824-2
s36,0824-3
s36,0824-4
s36,0824-5
s36,0825-1
s36,0825-2
s36,0825-3
s36,0825-4
s36,0825-5
s36,0826-1
s36,0826-2
s36,0826-3
s36,0826-4
s36,0826-5
s36,0827-1
s36,0827-2
s36,0827-3
s36,0827-4
s36,0827-5
s37,0801-2
s37,0801-3
s37,0801-4
s37,0803-2
s37,0803-3
s37,0803-4
s37,0804-2
s37,0804-3
s37,0804-4
s37,0805-2
s37,0805-3
s37,0805-4
s37,0806-2
s37,0806-3
s37,0806-4
s37,0807-2
s37,0807-3
s37,0807-4
s37,0808-2
s37,0808-3
s37,0808-4
s37,0810-2
s37,0810-3
s37,0810-4
s37,0811-2
s37,0811-3
s37,0811-4
s37,0812-2
s37,0812-3
s37,0812-4
s37,0813-2
s37,0813-3
s37,0813-4
s37,0814-2
s37,0814-3
s37,0814-4
s37,0815-2
s37,0815-3
s37,0815-4
s37,0817-2
s37,0817-3
s37,0817-4
s37,0818-2
s37,0818-3
s37,0818-4
s37,0819-2
s37,0819-3
s37,0819-4
s37,0820-2
s37,0820-3
s37,0820-4
s37,0821-2
s37,0821-3
s37,0821-4
s37,0822-2
s37,0822-3
s37,0822-4
s37,0824-2
s37,0824-3
s37,0824-4
s37,0825-2
s37,0825-3
s37,0825-4
s37,0826-2
s37,0826-3
s37,0826-4
s37,0827-2
s37,0827-3
s37,0827-4
s38,0801-1
s38,0801-2
s38,0801-3
s38,0801-4
s38,0801-5
s38,0803-1
s38,0803-2
s38,0803-3
s38,0803-4
s38,0803-5
s38,0806-1
s38,0806-2
s38,0806-3
s38,0806-4
s38,0806-5
s38,0807-1
s38,0807-2
s38,0807-3
s38,0807-4
s38,0807-5
s38,0808-1
s38,0808-2
s38,0808-3
s38,0808-4
s38,0808-5
s38,0810-1
s38,0810-2
s38,0810-3
s38,0810-4
s38,0810-5
s38,0813-1
s38,0813-2
s38,0813-3
s38,0813-4
s38,0813-5
s38,0814-1
s38,0814-2
s38,0814-3
s38,0814-4
s38,0814-5
s38,0815-1
s38,0815-2
s38,0815-3
s38,0815-4
s38,0815-5
s38,0817-1
s38,0817-2
s38,0817-3
s38,0817-4
s38,0817-5
s38,0820-1
s38,0820-2
s38,0820-3
s38,0820-4
s38,0820-5
s38,0821-1
s38,0821-2
s38,0821-3
s38,0821-4
s38,0821-5
s38,0822-1
s38,0822-2
s38,0822-3
s38,0822-4
s38,0822-5
s38,0824-1
s38,0824-2
s38,0824-3
s38,0824-4
s38,0824-5
s38,0827-1
s38,0827-2
s38,0827-3
s38,0827-4
s38,0827-5
s39,0801-2
s39,0801-3
s39,0801-4
s39,0801-5
s39,0804-2
s39,0804-3
s39,0804-4
s39,0804-5
s39,0805-2
s39,0805-3
s39,0805-4
s39,0805-5
s39,0806-2
s39,0806-3
s39,0806-4
s39,0806-5
s39,0807-2
s39,0807-3
s39,0807-4
s39,0807-5
s39,0808-2
s39,0808-3
s39,0808-4
s39,0808-5
s39,0811-2
s39,0811-3
s39,0811-4
s39,0811-5
s39,0812-2
s39,0812-3
s39,0812-4
s39,0812-5
s39,0813-2
s39,0813-3
s39,0813-4
s39,0813-5
s39,0814-2
s39,0814-3
s39,0814-4
s39,0814-5
s39,0815-2
s39,0815-3
s39,0815-4
s39,0815-5
s39,0818-2
s39,0818-3
s39,0818-4
s39,0818-5
s39,0819-2
s39,0819-3
s39,0819-4
s39,0819-5
s39,0820-2
s39,0820-3
s39,0820-4
s39,0820-5
s39,0821-2
s39,0821-3
s39,0821-4
s39,0821-5
s39,0822-2
s39,0822-3
s39,0822-4
s39,0822-5
s39,0825-2
s39,0825-3
s39,0825-4
s39,0825-5
s39,0826-2
s39,0826-3
s39,0826-4
s39,0826-5
s39,0827-2
s39,0827-3
s39,0827-4
s39,0827-5
s40,0803-2
s40,0803-3
s40,0803-4
s40,0804-2
s40,0804-3
s40,0804-4
s40,0805-2
s40,0805-3
s40,0805-4
s40,0807-2
s40,0807-3
s40,0807-4
s40,0810-2
s40,0810-3
s40,0810-4
s40,0811-2
s40,0811-3
s40,0811-4
s40,0812-2
s40,0812-3
s40,0812-4
s40,0814-2
s40,0814-3
s40,0814-4
s40,0817-2
s40,0817-3
s40,0817-4
s40,0818-2
s40,0818-3
s40,0818-4
s40,0819-2
s40,0819-3
s40,0819-4
s40,0821-2
s40,0821-3
s40,0821-4
s40,0824-2
s40,0824-3
s40,0824-4
s40,0825-2
s40,0825-3
s40,0825-4
s40,0826-2
s40,0826-3
s40,0826-4
s41,0801-1
s41,0801-2
s41,0801-3
s41,0801-4
s41,0801-5
s41,0803-1
s41,0803-2
s41,0803-3
s41,0803-4
s41,0803-5
s41,0805-1
s41,0805-2
s41,0805-3
s41,0805-4
s41,0805-5
s41,0806-1
s41,0806-2
s41,0806-3
s41,0806-4
s41,0806-5
s41,0807-1
s41,0807-2
s41,0807-3
s41,0807-4
s41,0807-5
s41,0808-1
s41,0808-2
s41,0808-3
s41,0808-4
s41,0808-5
s41,0810-1
s41,0810-2
s41,0810-3
s41,0810-4
s41,0810-5
s41,0812-1
s41,0812-2
s41,0812-3
s41,0812-4
s41,0812-5
s41,0813-1
s41,0813-2
s41,0813-3
s41,0813-4
s41,0813-5
s41,0814-1
s41,0814-2
s41,0814-3
s41,0814-4
s41,0814-5
s41,0815-1
s41,0815-2
s41,0815-3
s41,0815-4
s41,0815-5
s41,0817-1
s41,0817-2
s41,0817-3
s41,0817-4
s41,0817-5
s41,0819-1
s41,0819-2
s41,0819-3
s41,0819-4
s41,0819-5
s41,0820-1
s41,0820-2
s41,0820-3
s41,0820-4
s41,0820-5
s41,0821-1
s41,0821-2
s41,0821-3
s41,0821-4
s41,0821-5
s41,0822-1
s41,0822-2
s41,0822-3
s41,0822-4
s41,0822-5
s41,0824-1
s41,0824-2
s41,0824-3
s41,0824-4
s41,0824-5
s41,0826-1
s41,0826-2
s41,0826-3
s41,0826-4
s41,0826-5
s41,0827-1
s41,0827-2
s41,0827-3
s41,0827-4
s41,0827-5
s42,0803-1
s42,0803-2
s42,0803-3
s42,0803-4
s42,0804-1
s42,0804-2
s42,0804-3
s42,0804-4
s42,0805-1
s42,0805-2
s42,0805-3
s42,0805-4
s42,0806-1
s42,0806-2
s42,0806-3
s42,0806-4
s42,0810-1
s42,0810-2
s42,0810-3
s42,0810-4
s42,0811-1
s42,0811-2
s42,0811-3
s42,0811-4
s42,0812-1
s42,0812-2
s42,0812-3
s42,0812-4
s42,0813-1
s42,0813-2
s42,0813-3
s42,0813-4
s42,0817-1
s42,0817-2
s42,0817-3
s42,0817-4
s42,0818-1
s42,0818-2
s42,0818-3
s42,0818-4
s42,0819-1
s42,0819-2
s42,0819-3
s42,0819-4
s42,0820-1
s42,0820-2
s42,0820-3
s42,0820-4
s42,0824-1
s42,0824-2
s42,0824-3
s42,0824-4
s42,0825-1
s42,0825-2
s42,0825-3
s42,0825-4
s42,0826-1
s42,0826-2
s42,0826-3
s42,0826-4
s42,0827-1
s42,0827-2
s42,0827-3
s42,0827-4
s43,0801-1
s43,0801-2
s43,0801-3
s43,0801-4
s43,0801-5
s43,0803-1
s43,0803-2
s43,0803-3
s43,0803-4
s43,0803-5
s43,0804-1
s43,0804-2
s43,0804-3
s43,0804-4
s43,0804-5
s43,0806-1
s43,0806-2
s43,0806-3
s43,0806-4
s43,0806-5
s43,0807-1
s43,0807-2
s43,0807-3
s43,0807-4
s43,0807-5
s43,0808-1
s43,0808-2
s43,0808-3
s43,0808-4
s43,0808-5
s43,0810-1
s43,0810-2
s43,0810-3
s43,0810-4
s43,0810-5
s43,0811-1
s43,0811-2
s43,0811-3
s43,0811-4
s43,0811-5
s43,0813-1
s43,0813-2
s43,0813-3
s43,0813-4
s43,0813-5
s43,0814-1
s43,0814-2
s43,0814-3
s43,0814-4
s43,0814-5
s43,0815-1
s43,0815-2
s43,0815-3
s43,0815-4
s43,0815-5
s43,0817-1
s43,0817-2
s43,0817-3
s43,0817-4
s43,0817-5
s43,0818-1
s43,0818-2
s43,0818-3
s43,0818-4
s43,0818-5
s43,0820-1
s43,0820-2
s43,0820-3
s43,0820-4
s43,0820-5
s43,0821-1
s43,0821-2
s43,0821-3
s43,0821-4
s43,0821-5
s43,0822-1
s43,0822-2
s43,0822-3
s43,0822-4
s43,0822-5
s43,0824-1
s43,0824-2
s43,0824-3
s43,0824-4
s43,0824-5
s43,0825-1
s43,0825-2
s43,0825-3
s43,0825-4
s43,0825-5
s43,0827-1
s43,0827-2
s43,0827-3
s43,0827-4
s43,0827-5
s44,0801-1
s44,0801-2
s44,0801-3
s44,0801-4
s44,0801-5
s44,0803-1
s44,0803-2
s44,0803-3
s44,0803-4
s44,0803-5
s44,0804-1
s44,0804-2
s44,0804-3
s44,0804-4
s44,0804-5
s44,0806-1
s44,0806-2
s44,0806-3
s44,0806-4
s44,0806-5
s44,0807-1
s44,0807-2
s44,0807-3
s44,0807-4
s44,0807-5
s44,0808-1
s44,0808-2
s44,0808-3
s44,0808-4
s44,0808-5
s44,0810-1
s44,0810-2
s44,0810-3
s44,0810-4
s44,0810-5
s44,0811-1
s44,0811-2
s44,0811-3
s44,0811-4
s44,0811-5
s44,0813-1
s44,0813-2
s44,0813-3
s44,0813-4
s44,0813-5
s44,0814-1
s44,0814-2
s44,0814-3
s44,0814-4
s44,0814-5
s44,0815-1
s44,0815-2
s44,0815-3
s44,0815-4
s44,0815-5
s44,0817-1
s44,0817-2
s44,0817-3
s44,0817-4
s44,0817-5
s44,0818-1
s44,0818-2
s44,0818-3
s44,0818-4
s44,0818-5
s44,0820-1
s44,0820-2
s44,0820-3
s44,0820-4
s44,0820-5
s44,0821-1
s44,0821-2
s44,0821-3
s44,0821-4
s44,0821-5
s44,0822-1
s44,0822-2
s44,0822-3
s44,0822-4
s44,0822-5
s44,0824-1
s44,0824-2
s44,0824-3
s44,0824-4
s44,0824-5
s44,0825-1
s44,0825-2
s44,0825-3
s44,0825-4
s44,0825-5
s44,0827-1
s44,0827-2
s44,0827-3
s44,0827-4
s44,0827-5
s45,0803-1
s45,0803-2
s45,0803-3
s45,0803-4
s45,0803-5
s45,0805-1
s45,0805-2
s45,0805-3
s45,0805-4
s45,0805-5
s45,0806-1
s45,0806-2
s45,0806-3
s45,0806-4
s45,0806-5
s45,0807-1
s45,0807-2
s45,0807-3
s45,0807-4
s45,0807-5
s45,0810-1
s45,0810-2
s45,0810-3
s45,0810-4
s45,0810-5
s45,0812-1
s45,0812-2
s45,0812-3
s45,0812-4
s45,0812-5
s45,0813-1
s45,0813-2
s45,0813-3
s45,0813-4
s45,0813-5
s45,0814-1
s45,0814-2
s45,0814-3
s45,0814-4
s45,0814-5
s45,0817-1
s45,0817-2
s45,0817-3
s45,0817-4
s45,0817-5
s45,0819-1
s45,0819-2
s45,0819-3
s45,0819-4
s45,0819-5
s45,0820-1
s45,0820-2
s45,0820-3
s45,0820-4
s45,0820-5
s45,0821-1
s45,0821-2
s45,0821-3
s45,0821-4
s45,0821-5
s45,0824-1
s45,0824-2
s45,0824-3
s45,0824-4
s45,0824-5
s45,0826-1
s45,0826-2
s45,0826-3
s45,0826-4
s45,0826-5
s45,0827-1
s45,0827-2
s45,0827-3
s45,0827-4
s45,0827-5
s46,0801-2
s46,0801-3
s46,0801-4
s46,0801-5
s46,0803-2
s46,0803-3
s46,0803-4
s46,0803-5
s46,0804-2
s46,0804-3
s46,0804-4
s46,0804-5
s46,0805-2
s46,0805-3
s46,0805-4
s46,0805-5
s46,0807-2
s46,0807-3
s46,0807-4
s46,0807-5
s46,0808-2
s46,0808-3
s46,0808-4
s46,0808-5
s46,0810-2
s46,0810-3
s46,0810-4
s46,0810-5
s46,0811-2
s46,0811-3
s46,0811-4
s46,0811-5
s46,0812-2
s46,0812-3
s46,0812-4
s46,0812-5
s46,0814-2
s46,0814-3
s46,0814-4
s46,0814-5
s46,0815-2
s46,0815-3
s46,0815-4
s46,0815-5
s46,0817-2
s46,0817-3
s46,0817-4
s46,0817-5
s46,0818-2
s46,0818-3
s46,0818-4
s46,0818-5
s46,0819-2
s46,0819-3
s46,0819-4
s46,0819-5
s46,0821-2
s46,0821-3
s46,0821-4
s46,0821-5
s46,0822-2
s46,0822-3
s46,0822-4
s46,0822-5
s46,0824-2
s46,0824-3
s46,0824-4
s46,0824-5
s46,0825-2
s46,0825-3
s46,0825-4
s46,0825-5
s46,0826-2
s46,0826-3
s46,0826-4
s46,0826-5
s47,0801-2
s47,0801-3
s47,0801-4
s47,0801-5
s47,0803-2
s47,0803-3
s47,0803-4
s47,0803-5
s47,0804-2
s47,0804-3
s47,0804-4
s47,0804-5
s47,0805-2
s47,0805-3
s47,0805-4
s47,0805-5
s47,0806-2
s47,0806-3
s47,0806-4
s47,0806-5
s47,0808-2
s47,0808-3
s47,0808-4
s47,0808-5
s47,0810-2
s47,0810-3
s47,0810-4
s47,0810-5
s47,0811-2
s47,0811-3
s47,0811-4
s47,0811-5
s47,0812-2
s47,0812-3
s47,0812-4
s47,0812-5
s47,0813-2
s47,0813-3
s47,0813-4
s47,0813-5
s47,0815-2
s47,0815-3
s47,0815-4
s47,0815-5
s47,0817-2
s47,0817-3
s47,0817-4
s47,0817-5
s47,0818-2
s47,0818-3
s47,0818-4
s47,0818-5
s47,0819-2
s47,0819-3
s47,0819-4
s47,0819-5
s47,0820-2
s47,0820-3
s47,0820-4
s47,0820-5
s47,0822-2
s47,0822-3
s47,0822-4
s47,0822-5
s47,0824-2
s47,0824-3
s47,0824-4
s47,0824-5
s47,0825-2
s47,0825-3
s47,0825-4
s47,0825-5
s47,0826-2
s47,0826-3
s47,0826-4
s47,0826-5
s47,0827-2
s47,0827-3
s47,0827-4
s47,0827-5
s48,0801-1
s48,0801-2
s48,0801-3
s48,0801-4
s48,0801-5
s48,0804-1
s48,0804-2
s48,0804-3
s48,0804-4
s48,0804-5
s48,0805-1
s48,0805-2
s48,0805-3
s48,0805-4
s48,0805-5
s48,0806-1
s48,0806-2
s48,0806-3
s48,0806-4
s48,0806-5
s48,0807-1
s48,0807-2
s48,0807-3
s48,0807-4
s48,0807-5
s48,0808-1
s48,0808-2
s48,0808-3
s48,0808-4
s48,0808-5
s48,0811-1
s48,0811-2
s48,0811-3
s48,0811-4
s48,0811-5
s48,0812-1
s48,0812-2
s48,0812-3
s48,0812-4
s48,0812-5
s48,0813-1
s48,0813-2
s48,0813-3
s48,0813-4
s48,0813-5
s48,0814-1
s48,0814-2
s48,0814-3
s48,0814-4
s48,0814-5
s48,0815-1
s48,0815-2
s48,0815-3
s48,0815-4
s48,0815-5
s48,0818-1
s48,0818-2
s48,0818-3
s48,0818-4
s48,0818-5
s48,0819-1
s48,0819-2
s48,0819-3
s48,0819-4
s48,0819-5
s48,0820-1
s48,0820-2
s48,0820-3
s48,0820-4
s48,0820-5
s48,0821-1
s48,0821-2
s48,0821-3
s48,0821-4
s48,0821-5
s48,0822-1
s48,0822-2
s48,0822-3
s48,0822-4
s48,0822-5
s48,0825-1
s48,0825-2
s48,0825-3
s48,0825-4
s48,0825-5
s48,0826-1
s48,0826-2
s48,0826-3
s48,0826-4
s48,0826-5
s48,0827-1
s48,0827-2
s48,0827-3
s48,0827-4
s48,0827-5
s49,0803-1
s49,0803-2
s49,0803-3
s49,0803-4
s49,0805-1
s49,0805-2
s49,0805-3
s49,0805-4
s49,0806-1
s49,0806-2
s49,0806-3
s49,0806-4
s49,0807-1
s49,0807-2
s49,0807-3
s49,0807-4
s49,0810-1
s49,0810-2
s49,0810-3
s49,0810-4
s49,0812-1
s49,0812-2
s49,0812-3
s49,0812-4
s49,0813-1
s49,0813-2
s49,0813-3
s49,0813-4
s49,0814-1
s49,0814-2
s49,0814-3
s49,0814-4
s49,0817-1
s49,0817-2
s49,0817-3
s49,0817-4
s49,0819-1
s49,0819-2
s49,0819-3
s49,0819-4
s49,0820-1
s49,0820-2
s49,0820-3
s49,0820-4
s49,0821-1
s49,0821-2
s49,0821-3
s49,0821-4
s49,0824-1
s49,0824-2
s49,0824-3
s49,0824-4
s49,0826-1
s49,0826-2
s49,0826-3
s49,0826-4
s49,0827-1
s49,0827-2
s49,0827-3
s49,0827-4
s50,0801-1
s50,0801-2
s50,0801-3
s50,0801-4
s50,0801-5
s50,0803-1
s50,0803-2
s50,0803-3
s50,0803-4
s50,0803-5
s50,0805-1
s50,0805-2
s50,0805-3
s50,0805-4
s50,0805-5
s50,0806-1
s50,0806-2
s50,0806-3
s50,0806-4
s50,0806-5
s50,0807-1
s50,0807-2
s50,0807-3
s50,0807-4
s50,0807-5
s50,0808-1
s50,0808-2
s50,0808-3
s50,0808-4
s50,0808-5
s50,0810-1
s50,0810-2
s50,0810-3
s50,0810-4
s50,0810-5
s50,0812-1
s50,0812-2
s50,0812-3
s50,0812-4
s50,0812-5
s50,0813-1
s50,0813-2
s50,0813-3
s50,0813-4
s50,0813-5
s50,0814-1
s50,0814-2
s50,0814-3
s50,0814-4
s50,0814-5
s50,0815-1
s50,0815-2
s50,0815-3
s50,0815-4
s50,0815-5
s50,0817-1
s50,0817-2
s50,0817-3
s50,0817-4
s50,0817-5
s50,0819-1
s50,0819-2
s50,0819-3
s50,0819-4
s50,0819-5
s50,0820-1
s50,0820-2
s50,0820-3
s50,0820-4
s50,0820-5
s50,0821-1
s50,0821-2
s50,0821-3
s50,0821-4
s50,0821-5
s50,0822-1
s50,0822-2
s50,0822-3
s50,0822-4
s50,0822-5
s50,0824-1
s50,0824-2
s50,0824-3
s50,0824-4
s50,0824-5
s50,0826-1
s50,0826-2
s50,0826-3
s50,0826-4
s50,0826-5
s50,0827-1
s50,0827-2
s50,0827-3
s50,0827-4
s50,0827-5
s51,0803-1
s51,0803-2
s51,0803-3
s51,0803-4
s51,0803-5
s51,0804-1
s51,0804-2
s51,0804-3
s51,0804-4
s51,0804-5
s51,0805-1
s51,0805-2
s51,0805-3
s51,0805-4
s51,0805-5
s51,0806-1
s51,0806-2
s51,0806-3
s51,0806-4
s51,0806-5
s51,0807-1
s51,0807-2
s51,0807-3
s51,0807-4
s51,0807-5
s51,0810-1
s51,0810-2
s51,0810-3
s51,0810-4
s51,0810-5
s51,0811-1
s51,0811-2
s51,0811-3
s51,0811-4
s51,0811-5
s51,0812-1
s51,0812-2
s51,0812-3
s51,0812-4
s51,0812-5
s51,0813-1
s51,0813-2
s51,0813-3
s51,0813-4
s51,0813-5
s51,0814-1
s51,0814-2
s51,0814-3
s51,0814-4
s51,0814-5
s51,0817-1
s51,0817-2
s51,0817-3
s51,0817-4
s51,0817-5
s51,0818-1
s51,0818-2
s51,0818-3
s51,0818-4
s51,0818-5
s51,0819-1
s51,0819-2
s51,0819-3
s51,0819-4
s51,0819-5
s51,0820-1
s51,0820-2
s51,0820-3
s51,0820-4
s51,0820-5
s51,0821-1
s51,0821-2
s51,0821-3
s51,0821-4
s51,0821-5
s51,0824-1
s51,0824-2
s51,0824-3
s51,0824-4
s51,0824-5
s51,0825-1
s51,0825-2
s51,0825-3
s51,0825-4
s51,0825-5
s51,0826-1
s51,0826-2
s51,0826-3
s51,0826-4
s51,0826-5
s51,0827-1
s51,0827-2
s51,0827-3
s51,0827-4
s51,0827-5
s52,0801-1
s52,0801-2
s52,0801-3
s52,0801-4
s52,0803-1
s52,0803-2
s52,0803-3
s52,0803-4
s52,0804-1
s52,0804-2
s52,0804-3
s52,0804-4
s52,0805-1
s52,0805-2
s52,0805-3
s52,0805-4
s52,0806-1
s52,0806-2
s52,0806-3
s52,0806-4
s52,0807-1
s52,0807-2
s52,0807-3
s52,0807-4
s52,0808-1
s52,0808-2
s52,0808-3
s52,0808-4
s52,0810-1
s52,0810-2
s52,0810-3
s52,0810-4
s52,0811-1
s52,0811-2
s52,0811-3
s52,0811-4
s52,0812-1
s52,0812-2
s52,0812-3
s52,0812-4
s52,0813-1
s52,0813-2
s52,0813-3
s52,0813-4
s52,0814-1
s52,0814-2
s52,0814-3
s52,0814-4
s52,0815-1
s52,0815-2
s52,0815-3
s52,0815-4
s52,0817-1
s52,0817-2
s52,0817-3
s52,0817-4
s52,0818-1
s52,0818-2
s52,0818-3
s52,0818-4
s52,0819-1
s52,0819-2
s52,0819-3
s52,0819-4
s52,0820-1
s52,0820-2
s52,0820-3
s52,0820-4
s52,0821-1
s52,0821-2
s52,0821-3
s52,0821-4
s52,0822-1
s52,0822-2
s52,0822-3
s52,0822-4
s52,0824-1
s52,0824-2
s52,0824-3
s52,0824-4
s52,0825-1
s52,0825-2
s52,0825-3
s52,0825-4
s52,0826-1
s52,0826-2
s52,0826-3
s52,0826-4
s52,0827-1
s52,0827-2
s52,0827-3
s52,0827-4
s53,0801-2
s53,0801-3
s53,0801-4
s53,0801-5
s53,0803-2
s53,0803-3
s53,0803-4
s53,0803-5
s53,0804-2
s53,0804-3
s53,0804-4
s53,0804-5
s53,0805-2
s53,0805-3
s53,0805-4
s53,0805-5
s53,0807-2
s53,0807-3
s53,0807-4
s53,0807-5
s53,0808-2
s53,0808-3
s53,0808-4
s53,0808-5
s53,0810-2
s53,0810-3
s53,0810-4
s53,0810-5
s53,0811-2
s53,0811-3
s53,0811-4
s53,0811-5
s53,0812-2
s53,0812-3
s53,0812-4
s53,0812-5
s53,0814-2
s53,0814-3
s53,0814-4
s53,0814-5
s53,0815-2
s53,0815-3
s53,0815-4
s53,0815-5
s53,0817-2
s53,0817-3
s53,0817-4
s53,0817-5
s53,0818-2
s53,0818-3
s53,0818-4
s53,0818-5
s53,0819-2
s53,0819-3
s53,0819-4
s53,0819-5
s53,0821-2
s53,0821-3
s53,0821-4
s53,0821-5
s53,0822-2
s53,0822-3
s53,0822-4
s53,0822-5
s53,0824-2
s53,0824-3
s53,0824-4
s53,0824-5
s53,0825-2
s53,0825-3
s53,0825-4
s53,0825-5
s53,0826-2
s53,0826-3
s53,0826-4
s53,0826-5
s54,0801-1
s54,0801-2
s54,0801-3
s54,0801-4
s54,0801-5
s54,0803-1
s54,0803-2
s54,0803-3
s54,0803-4
s54,0803-5
s54,0805-1
s54,0805-2
s54,0805-3
s54,0805-4
s54,0805-5
s54,0806-1
s54,0806-2
s54,0806-3
s54,0806-4
s54,0806-5
s54,0807-1
s54,0807-2
s54,0807-3
s54,0807-4
s54,0807-5
s54,0808-1
s54,0808-2
s54,0808-3
s54,0808-4
s54,0808-5
s54,0810-1
s54,0810-2
s54,0810-3
s54,0810-4
s54,0810-5
s54,0812-1
s54,0812-2
s54,0812-3
s54,0812-4
s54,0812-5
s54,0813-1
s54,0813-2
s54,0813-3
s54,0813-4
s54,0813-5
s54,0814-1
s54,0814-2
s54,0814-3
s54,0814-4
s54,0814-5
s54,0815-1
s54,0815-2
s54,0815-3
s54,0815-4
s54,0815-5
s54,0817-1
s54,0817-2
s54,0817-3
s54,0817-4
s54,0817-5
s54,0819-1
s54,0819-2
s54,0819-3
s54,0819-4
s54,0819-5
s54,0820-1
s54,0820-2
s54,0820-3
s54,0820-4
s54,0820-5
s54,0821-1
s54,0821-2
s54,0821-3
s54,0821-4
s54,0821-5
s54,0822-1
s54,0822-2
s54,0822-3
s54,0822-4
s54,0822-5
s54,0824-1
s54,0824-2
s54,0824-3
s54,0824-4
s54,0824-5
s54,0826-1
s54,0826-2
s54,0826-3
s54,0826-4
s54,0826-5
s54,0827-1
s54,0827-2
s54,0827-3
s54,0827-4
s54,0827-5
s55,0801-2
s55,0801-3
s55,0801-4
s55,0801-5
s55,0803-2
s55,0803-3
s55,0803-4
s55,0803-5
s55,0804-2
s55,0804-3
s55,0804-4
s55,0804-5
s55,0805-2
s55,0805-3
s55,0805-4
s55,0805-5
s55,0806-2
s55,0806-3
s55,0806-4
s55,0806-5
s55,0807-2
s55,0807-3
s55,0807-4
s55,0807-5
s55,0808-2
s55,0808-3
s55,0808-4
s55,0808-5
s55,0810-2
s55,0810-3
s55,0810-4
s55,0810-5
s55,0811-2
s55,0811-3
s55,0811-4
s55,0811-5
s55,0812-2
s55,0812-3
s55,0812-4
s55,0812-5
s55,0813-2
s55,0813-3
s55,0813-4
s55,0813-5
s55,0814-2
s55,0814-3
s55,0814-4
s55,0814-5
s55,0815-2
s55,0815-3
s55,0815-4
s55,0815-5
s55,0817-2
s55,0817-3
s55,0817-4
s55,0817-5
s55,0818-2
s55,0818-3
s55,0818-4
s55,0818-5
s55,0819-2
s55,0819-3
s55,0819-4
s55,0819-5
s55,0820-2
s55,0820-3
s55,0820-4
s55,0820-5
s55,0821-2
s55,0821-3
s55,0821-4
s55,0821-5
s55,0822-2
s55,0822-3
s55,0822-4
s55,0822-5
s55,0824-2
s55,0824-3
s55,0824-4
s55,0824-5
s55,0825-2
s55,0825-3
s55,0825-4
s55,0825-5
s55,0826-2
s55,0826-3
s55,0826-4
s55,0826-5
s55,0827-2
s55,0827-3
s55,0827-4
s55,0827-5
s56,0801-1
s56,0801-2
s56,0801-3
s56,0801-4
s56,0803-1
s56,0803-2
s56,0803-3
s56,0803-4
s56,0804-1
s56,0804-2
s56,0804-3
s56,0804-4
s56,0805-1
s56,0805-2
s56,0805-3
s56,0805-4
s56,0806-1
s56,0806-2
s56,0806-3
s56,0806-4
s56,0808-1
s56,0808-2
s56,0808-3
s56,0808-4
s56,0810-1
s56,0810-2
s56,0810-3
s56,0810-4
s56,0811-1
s56,0811-2
s56,0811-3
s56,0811-4
s56,0812-1
s56,0812-2
s56,0812-3
s56,0812-4
s56,0813-1
s56,0813-2
s56,0813-3
s56,0813-4
s56,0815-1
s56,0815-2
s56,0815-3
s56,0815-4
s56,0817-1
s56,0817-2
s56,0817-3
s56,0817-4
s56,0818-1
s56,0818-2
s56,0818-3
s56,0818-4
s56,0819-1
s56,0819-2
s56,0819-3
s56,0819-4
s56,0820-1
s56,0820-2
s56,0820-3
s56,0820-4
s56,0822-1
s56,0822-2
s56,0822-3
s56,0822-4
s56,0824-1
s56,0824-2
s56,0824-3
s56,0824-4
s56,0825-1
s56,0825-2
s56,0825-3
s56,0825-4
s56,0826-1
s56,0826-2
s56,0826-3
s56,0826-4
s56,0827-1
s56,0827-2
s56,0827-3
s56,0827-4
s57,0801-2
s57,0801-3
s57,0801-4
s57,0801-5
s57,0803-2
s57,0803-3
s57,0803-4
s57,0803-5
s57,0804-2
s57,0804-3
s57,0804-4
s57,0804-5
s57,0805-2
s57,0805-3
s57,0805-4
s57,0805-5
s57,0807-2
s57,0807-3
s57,0807-4
s57,0807-5
s57,0808-2
s57,0808-3
s57,0808-4
s57,0808-5
s57,0810-2
s57,0810-3
s57,0810-4
s57,0810-5
s57,0811-2
s57,0811-3
s57,0811-4
s57,0811-5
s57,0812-2
s57,0812-3
s57,0812-4
s57,0812-5
s57,0814-2
s57,0814-3
s57,0814-4
s57,0814-5
s57,0815-2
s57,0815-3
s57,0815-4
s57,0815-5
s57,0817-2
s57,0817-3
s57,0817-4
s57,0817-5
s57,0818-2
s57,0818-3
s57,0818-4
s57,0818-5
s57,0819-2
s57,0819-3
s57,0819-4
s57,0819-5
s57,0821-2
s57,0821-3
s57,0821-4
s57,0821-5
s57,0822-2
s57,0822-3
s57,0822-4
s57,0822-5
s57,0824-2
s57,0824-3
s57,0824-4
s57,0824-5
s57,0825-2
s57,0825-3
s57,0825-4
s57,0825-5
s57,0826-2
s57,0826-3
s57,0826-4
s57,0826-5
s58,0801-1
s58,0801-2
s58,0801-3
s58,0801-4
s58,0801-5
s58,0804-1
s58,0804-2
s58,0804-3
s58,0804-4
s58,0804-5
s58,0805-1
s58,0805-2
s58,0805-3
s58,0805-4
s58,0805-5
s58,0806-1
s58,0806-2
s58,0806-3
s58,0806-4
s58,0806-5
s58,0808-1
s58,0808-2
s58,0808-3
s58,0808-4
s58,0808-5
s58,0811-1
s58,0811-2
s58,0811-3
s58,0811-4
s58,0811-5
s58,0812-1
s58,0812-2
s58,0812-3
s58,0812-4
s58,0812-5
s58,0813-1
s58,0813-2
s58,0813-3
s58,0813-4
s58,0813-5
s58,0815-1
s58,0815-2
s58,0815-3
s58,0815-4
s58,0815-5
s58,0818-1
s58,0818-2
s58,0818-3
s58,0818-4
s58,0818-5
s58,0819-1
s58,0819-2
s58,0819-3
s58,0819-4
s58,0819-5
s58,0820-1
s58,0820-2
s58,0820-3
s58,0820-4
s58,0820-5
s58,0822-1
s58,0822-2
s58,0822-3
s58,0822-4
s58,0822-5
s58,0825-1
s58,0825-2
s58,0825-3
s58,0825-4
s58,0825-5
s58,0826-1
s58,0826-2
s58,0826-3
s58,0826-4
s58,0826-5
s58,0827-1
s58,0827-2
s58,0827-3
s58,0827-4
s58,0827-5
s59,0801-1
s59,0801-2
s59,0801-3
s59,0801-4
s59,0803-1
s59,0803-2
s59,0803-3
s59,0803-4
s59,0804-1
s59,0804-2
s59,0804-3
s59,0804-4
s59,0805-1
s59,0805-2
s59,0805-3
s59,0805-4
s59,0806-1
s59,0806-2
s59,0806-3
s59,0806-4
s59,0807-1
s59,0807-2
s59,0807-3
s59,0807-4
s59,0808-1
s59,0808-2
s59,0808-3
s59,0808-4
s59,0810-1
s59,0810-2
s59,0810-3
s59,0810-4
s59,0811-1
s59,0811-2
s59,0811-3
s59,0811-4
s59,0812-1
s59,0812-2
s59,0812-3
s59,0812-4
s59,0813-1
s59,0813-2
s59,0813-3
s59,0813-4
s59,0814-1
s59,0814-2
s59,0814-3
s59,0814-4
s59,0815-1
s59,0815-2
s59,0815-3
s59,0815-4
s59,0817-1
s59,0817-2
s59,0817-3
s59,0817-4
s59,0818-1
s59,0818-2
s59,0818-3
s59,0818-4
s59,0819-1
s59,0819-2
s59,0819-3
s59,0819-4
s59,0820-1
s59,0820-2
s59,0820-3
s59,0820-4
s59,0821-1
s59,0821-2
s59,0821-3
s59,0821-4
s59,0822-1
s59,0822-2
s59,0822-3
s59,0822-4
s59,0824-1
s59,0824-2
s59,0824-3
s59,0824-4
s59,0825-1
s59,0825-2
s59,0825-3
s59,0825-4
s59,0826-1
s59,0826-2
s59,0826-3
s59,0826-4
s59,0827-1
s59,0827-2
s59,0827-3
s59,0827-4
s60,0801-1
s60,0801-2
s60,0801-3
s60,0801-4
s60,0801-5
s60,0803-1
s60,0803-2
s60,0803-3
s60,0803-4
s60,0803-5
s60,0804-1
s60,0804-2
s60,0804-3
s60,0804-4
s60,0804-5
s60,0805-1
s60,0805-2
s60,0805-3
s60,0805-4
s60,0805-5
s60,0806-1
s60,0806-2
s60,0806-3
s60,0806-4
s60,0806-5
s60,0807-1
s60,0807-2
s60,0807-3
s60,0807-4
s60,0807-5
s60,0808-1
s60,0808-2
s60,0808-3
s60,0808-4
s60,0808-5
s60,0810-1
s60,0810-2
s60,0810-3
s60,0810-4
s60,0810-5
s60,0811-1
s60,0811-2
s60,0811-3
s60,0811-4
s60,0811-5
s60,0812-1
s60,0812-2
s60,0812-3
s60,0812-4
s60,0812-5
s60,0813-1
s60,0813-2
s60,0813-3
s60,0813-4
s60,0813-5
s60,0814-1
s60,0814-2
s60,0814-3
s60,0814-4
s60,0814-5
s60,0815-1
s60,0815-2
s60,0815-3
s60,0815-4
s60,0815-5
s60,0817-1
s60,0817-2
s60,0817-3
s60,0817-4
s60,0817-5
s60,0818-1
s60,0818-2
s60,0818-3
s60,0818-4
s60,0818-5
s60,0819-1
s60,0819-2
s60,0819-3
s60,0819-4
s60,0819-5
s60,0820-1
s60,0820-2
s60,0820-3
s60,0820-4
s60,0820-5
s60,0821-1
s60,0821-2
s60,0821-3
s60,0821-4
s60,0821-5
s60,0822-1
s60,0822-2
s60,0822-3
s60,0822-4
s60,0822-5
s60,0824-1
s60,0824-2
s60,0824-3
s60,0824-4
s60,0824-5
s60,0825-1
s60,0825-2
s60,0825-3
s60,0825-4
s60,0825-5
s60,0826-1
s60,0826-2
s60,0826-3
s60,0826-4
s60,0826-5
s60,0827-1
s60,0827-2
s60,0827-3
s60,0827-4
s60,0827-5
